AC,priority,label-val,between_connectivity,cluster
A0A7K7XAX4,False,0,0,0.0
A0A6G7Y2D2,False,1,0,0.0
A0A7L1FGH7,False,2,0,0.0
A0A8S3T933,False,3,0,0.0
A0A6I8N1L0,False,4,0,0.0
A0A5N3UL60,False,5,0,0.0
A0A4S2L2D9,False,6,0,0.0
A0A059JDY9,False,7,0,0.0
A0A1I1HCT0,False,8,0,0.0
A0A8C6LZY2,False,9,0,0.0
A0A7D5S632,False,10,0,0.0
A0A5M6CQH9,False,11,0,0.0
A0A1Z5SHD2,False,12,0,0.0
F2IHZ3,False,13,0,0.0
A0A2S7SWD7,False,14,0,0.0
A0A2P7TDS0,False,15,0,0.0
A0A926HG52,False,16,0,0.0
A0A924IUK1,False,12,0,0.0
A0A2U2XB68,False,17,0,0.0
A0A7D5S5X1,False,18,0,0.0
A0A6M3VYY8,False,19,0,0.0
A0A1B3SN19,False,20,0,0.0
B6EFB2,False,21,0,0.0
A0A3S8NF87,False,22,0,0.0
A0A6M3VWU8,False,23,0,0.0
Q8V9Q2,False,24,0,0.0
A0A0F3MK43,False,25,0,0.0
A0A448X798,False,26,0,0.0
A0A261DC17,False,27,0,0.0
A5CDE1,False,28,0,0.0
H8K5G2,False,29,0,0.0
A0A261DCJ7,False,30,0,0.0
A0A0F3MH25,False,31,0,0.0
B5IFK9,False,32,0,0.0
T0LBE0,False,33,0,0.0
Q9HM06,False,34,0,0.0
A0A182C761,False,35,0,0.0
H2J528,False,36,0,0.0
A0A8D5U0R0,False,37,0,0.0
A0A133VFV9,False,38,0,0.0
C6A4E6,False,39,0,0.0
A0A2U0RVN2,False,40,0,0.0
A8F6Z4,False,41,0,0.0
A0A0W7VNG5,False,42,0,0.0
A0A0L0RW20,False,43,0,0.0
A0A3Q1EX48,False,44,0,0.0
A0A6P5L9J5,False,45,0,0.0
B4INF8,False,46,0,0.0
A0A8J2IFM8,False,43,0,0.0
A0A914P717,False,47,0,0.0
A0A6A6KQA6,False,48,0,0.0
A0A813F233,False,49,0,0.0
A0A838XM77,False,50,0,0.0
A0A4R2PL91,False,51,0,0.0
K0Q0Z5,False,52,0,0.0
A0A4R3J7S4,False,53,0,0.0
A0A098G4T6,False,54,0,0.0
A0A1M7CE02,False,55,0,0.0
A0A328AIW4,False,56,0,0.0
A0A0W1A3R1,False,57,0,0.0
A0A316EU10,False,58,0,0.0
A0A841LZ55,False,59,0,0.0
A0A4U6XTX1,False,60,0,0.0
A0A6G0V3N9,False,61,0,0.0
A0A1I6KF58,False,62,0,0.0
A0A0E0D9Z2,False,63,0,0.0
A0A1V9Z089,False,64,0,0.0
Q0U504,False,65,0,0.0
A0A1S3N555,False,66,0,0.0
A0A238VM19,False,67,0,0.0
M4CWZ0,False,68,0,0.0
A0A839QYS6,False,69,0,0.0
A0A1Y3YHZ6,False,70,0,0.0
A0A9J9HFS8,False,71,0,0.0
A0A5Q2VZ12,False,72,0,0.0
A0A2K5C6Z0,False,73,0,0.0
A0A6L5EZK7,False,74,0,0.0
A0A1E7KBP9,False,75,0,0.0
A0A2T1G4I4,False,76,0,0.0
A0A291SQG7,False,77,0,0.0
A0A1I4VR86,False,78,0,0.0
A0A4Q7UTH4,False,79,0,0.0
B6BRE3,False,80,0,0.0
A0A1U7LGN8,False,81,0,0.0
A0D2Q8,False,82,0,0.0
A0A4W3GHS3,False,83,0,0.0
A0A5J4NBM4,False,84,0,0.0
A0A1H4GXZ7,False,85,0,0.0
A0A7K8LC45,False,86,0,0.0
H0VJU8,False,87,0,0.0
A0A1H3J273,False,88,0,0.0
A0A0N1B4T3,False,89,0,0.0
A0A1X7G994,False,90,0,0.0
A0A3P9ATD6,False,91,0,1.0
A0A6J2QAP8,False,91,0,1.0
A0A8H7B059,False,92,0,0.0
A0A2T6D4Q4,False,93,0,0.0
A0A975HIE8,False,94,0,0.0
A0A4W6F0G6,False,95,0,1.0
A0A507B741,False,96,0,0.0
A0A5M6IE27,False,97,0,0.0
A0A557Y0A6,False,98,0,0.0
D9X3T7,False,99,0,0.0
A0A2D0HKT3,False,100,0,0.0
A0A1I0ZLH2,False,101,0,0.0
A0A919EUI5,False,102,0,0.0
K0JWV8,False,103,0,0.0
A0A0Q6K8F4,False,104,0,0.0
A0A5D0SD25,False,105,0,0.0
A0A011NW89,False,106,0,0.0
A0A0A2UUW6,False,107,0,0.0
A0A6I2FSP3,False,108,0,0.0
A0A6V8SJ34,False,109,0,1.0
A0A3R7N8M7,False,110,0,0.0
A0A252AT64,False,111,0,0.0
A0A841KX88,False,109,0,1.0
A0A1R1SID3,False,112,0,0.0
A0A0N0DUK9,False,113,0,0.0
A0A4Y7RBE5,False,114,0,0.0
A0A1C3YRP5,False,115,0,0.0
A0A1Y4H3Y1,False,116,0,0.0
A0A2D2M1A4,False,117,0,0.0
A0A7K7X6S2,False,118,0,0.0
A0A7K6V7U6,False,118,0,0.0
A0A2Y9DFE8,False,119,0,0.0
A0A6P6C7K4,False,120,0,0.0
A0A8D2LG45,False,121,0,0.0
A0A670YJK4,False,122,0,0.0
A0A8C9H4A2,False,119,0,0.0
A0A8C3Q6Z2,False,123,0,0.0
H2R459,False,119,0,0.0
A0A7K7CZ32,False,124,0,0.0
A0A365P368,False,125,0,0.0
A0A5C7FR88,False,126,0,0.0
A0A974WGU6,False,127,0,0.0
R7JP09,False,128,0,0.0
A0A1G9VRW9,False,127,0,1.0
K9Z635,False,129,0,0.0
A0A7W5DQ78,False,127,0,2.0
A0A4Q1KQE6,False,127,0,0.0
A0A0P6YNB1,False,130,0,0.0
A0A2T1DV41,False,131,0,0.0
A0A8K0D298,False,132,0,0.0
A0A4S4HAH4,False,133,0,0.0
A0A495SJG0,False,134,0,0.0
A0A923E174,False,134,0,1.0
A0A2S2DW34,False,135,0,0.0
A0A3S3W4G2,False,136,0,1.0
A0A917N121,False,137,0,0.0
A0A7K1T1J9,False,136,0,1.0
A0A1V2AW01,False,133,0,1.0
A0A255ZQY1,False,138,0,0.0
A0A4S1ZL78,False,139,0,0.0
F4GD89,False,140,0,0.0
A0A1P8K6V3,False,141,0,0.0
A0A246JCA6,False,142,0,0.0
A0A1I5JZD0,False,143,0,0.0
F5RHR7,False,144,0,0.0
A0A257CIE1,False,145,0,0.0
A0A223PGT2,False,146,0,0.0
A0A1I6JLB8,False,147,0,0.0
A0A316GB60,False,148,0,0.0
A0A0Q6Z6U6,False,149,0,0.0
W8QE80,False,150,0,0.0
Q5YFM6,False,151,0,1.0
Q06VE0,False,152,0,0.0
G0T549,False,153,0,1.0
A0A6M8PSK8,False,154,0,0.0
A0A3R8YPI2,False,155,0,0.0
W8W2X2,False,153,0,1.0
A4KXB6,False,156,0,0.0
Q8QUQ5,False,157,0,0.0
Q5GAJ9,False,151,0,1.0
A0A218Z287,False,158,0,0.0
A0A4U0WUT3,False,159,0,0.0
A0A384JDW8,False,160,0,0.0
A0A1E1KMZ8,False,161,0,0.0
A0A0B1PD44,False,162,0,0.0
A0A8H7TGN3,False,163,0,0.0
A0A010RUZ3,False,164,0,0.0
A0A8S9B3A0,False,165,0,0.0
A0A0C3C6C8,False,166,0,0.0
A0A395GUS8,False,167,0,0.0
A0A2J8AGT4,False,168,0,1.0
A0A150GFJ1,False,168,0,1.0
A1YQX2,False,169,0,1.0
A0A150GFH7,False,168,0,1.0
A0A836BX86,False,168,0,1.0
A8IV40,False,170,0,1.0
A0A8J4F2D6,False,169,0,1.0
A0A835Y0A3,False,168,0,1.0
Q1WLW8,False,170,0,1.0
A0A2J8AGS4,False,168,0,1.0
A0A1C0ABB0,False,171,0,0.0
A0A4R2RWQ8,False,172,0,0.0
A0A0D8ZTF9,False,173,0,0.0
H1XPS4,False,174,0,0.0
I1HHU0,False,175,0,0.0
A0A099SGC3,False,176,0,0.0
A0A8J2X015,False,177,0,0.0
A0A1M6JXW6,False,178,0,0.0
A0A0A8WUB2,False,179,0,0.0
F7YWS1,False,180,0,0.0
A0A0U5GX42,False,181,0,0.0
A0A2D0HB64,False,182,0,0.0
A0A814TSB3,False,183,0,0.0
A0A420XX17,False,184,0,0.0
A0A926T7V8,False,185,0,0.0
Q163H6,False,186,0,0.0
A0A7L5A6A0,False,187,0,0.0
A0A1Y4NSA5,False,188,0,0.0
A0A0F5QJN8,False,189,0,0.0
A0A2V3IVU8,False,190,0,0.0
A0A7X0NF38,False,191,0,0.0
A0A8H7BNQ3,False,192,0,0.0
A0A0W0Y3V1,False,193,0,0.0
A0A409YH50,False,194,0,0.0
A0A8H7RUI0,False,195,0,0.0
A0A940EJQ4,False,196,0,0.0
A0A507E0E4,False,197,0,0.0
A0A367JC35,False,198,0,0.0
A0A8H7PYJ7,False,199,0,0.0
A0A4Z0RD50,False,200,0,0.0
A0A7J5BFI8,False,201,0,0.0
G5K3G7,False,202,0,0.0
A0A0V7YZS9,False,203,0,0.0
A0A0J1G8N9,False,204,0,0.0
A0A060M1N6,False,205,0,0.0
A0A1M4Y5A3,False,206,0,0.0
D4E772,False,207,0,0.0
A0A553ZWR2,False,208,0,0.0
A0A235B528,False,209,0,0.0
Q08FH2,False,210,0,2.0
Q77G89,False,211,0,2.0
Q08FZ2,False,210,0,2.0
A0A2I6BQL3,False,210,0,2.0
Q6TV04,False,212,0,0.0
A0A5J9W282,False,213,0,0.0
A0A5N6R9R8,False,214,0,0.0
M5W2G9,False,215,0,0.0
Q2TW44,False,216,0,0.0
A0A0D9Y8M8,False,217,0,0.0
A0A7N0ZYV2,False,218,0,0.0
A0A199VC33,False,219,0,0.0
A0A6C7EFL8,False,220,0,0.0
A0A8X8ZWN3,False,221,0,0.0
A0A078H537,False,222,0,0.0
A0A7R7TAJ2,False,223,0,0.0
A0C122,False,224,0,0.0
A0A8C9H3S1,False,225,0,0.0
A0A5N6F4Z5,False,226,0,0.0
A0A7K9XM85,False,227,0,0.0
G3TJR8,False,228,0,0.0
A0A812T3C3,False,229,0,0.0
L1K1J2,False,230,0,0.0
A0A0D2C171,False,231,0,0.0
A0A1M7LM69,False,232,0,0.0
A0A4R6Z6R2,False,233,0,0.0
A0A6P6AWJ3,False,234,0,0.0
A0A5A7T8H4,False,235,0,0.0
A0A835W7L0,False,236,0,0.0
A0A267GQL7,False,237,0,0.0
A0A8H6K0D1,False,238,0,0.0
A0A7K5NIH8,False,239,0,0.0
A0A6I9ZJ94,False,240,0,0.0
A0A346FKD0,False,241,0,0.0
A0A812X2Q9,False,242,0,0.0
A0A0D2D9T3,False,243,0,0.0
A0A1E7EYZ0,False,244,0,0.0
A0A8S3YA55,False,245,0,0.0
A0A8H5WQL9,False,246,0,0.0
A0A8H4V941,False,247,0,0.0
A0A6P4Y8L7,False,248,0,0.0
A0A5M3MC85,False,249,0,0.0
A0A927KEF6,False,250,0,0.0
A0A2G7FHK3,False,251,0,0.0
A0A367XS61,False,252,0,0.0
A0A1V1PU79,False,253,0,0.0
A0A1U7DEX4,False,254,0,0.0
W0J5Q2,False,255,0,0.0
A3WCS4,False,256,0,0.0
V4YP58,False,257,0,0.0
A0A975PPA3,False,258,0,0.0
A0A812ZDQ7,False,259,0,0.0
A0A239GTU5,False,260,0,0.0
F6IDS3,False,261,0,0.0
V4NPG6,False,262,0,0.0
F4RHI3,False,263,0,0.0
A0A5B0LZW1,False,264,0,0.0
A0A0L6UVQ7,False,265,0,0.0
A0A0L0UR00,False,266,0,0.0
A0A0L6UG57,False,267,0,0.0
A0A5B0LP16,False,268,0,0.0
E3K0C2,False,269,0,0.0
A0A2S4UZA9,False,270,0,0.0
A0A0L6VLN8,False,271,0,0.0
A0A0C3BL72,False,272,0,0.0
K9U2J8,False,273,0,0.0
R1C7W9,False,274,0,0.0
R1ELG8,False,275,0,0.0
A0A1M6F418,False,276,0,0.0
A0KLH3,False,277,0,0.0
A0A0T7BM46,False,278,0,0.0
A0A0Q5HA70,False,279,0,0.0
A0A240EK81,False,280,0,0.0
A0A8H4L7X9,False,281,0,0.0
A0A1A7R009,False,282,0,0.0
A0A3E1NPH1,False,283,0,0.0
A0A4P6ZE83,False,284,0,0.0
A0A930TZ58,False,285,0,0.0
A0A243SHA6,False,286,0,0.0
G2PR53,False,287,0,0.0
A3QBN7,False,288,0,0.0
A0A1V3QMK4,False,289,0,0.0
A0A4P7PSU2,False,290,0,0.0
A0A2T0MAX8,False,291,0,0.0
V4KPM1,False,292,0,1.0
A0A0K0F7K8,False,293,0,0.0
A0A673YHG0,False,294,0,0.0
A0A6V7UD90,False,295,0,0.0
A0A2V1CQS4,False,296,0,0.0
W2YXX2,False,297,0,0.0
W7TPM6,False,298,0,0.0
A0A9R0J4J3,False,292,0,1.0
A0A7L4ADT0,False,299,0,0.0
A0A6A7M9C4,False,300,0,0.0
A0A2P7AZ27,False,301,0,0.0
A0A6B8VTC0,False,302,0,0.0
A0A0G3G2P1,False,303,0,0.0
A0A091BBQ2,False,304,0,0.0
A0A3M0GCT2,False,305,0,0.0
A0A1B6BBK0,False,306,0,0.0
A0A1I7IGN9,False,307,0,0.0
A0A1W1WL99,False,308,0,0.0
A0A2T1HZ93,False,309,0,0.0
A0A1B7UK51,False,310,0,0.0
J1HJA4,False,311,0,0.0
A0A563UES7,False,312,0,0.0
A0A2T0VEE5,False,313,0,1.0
M0QMK1,False,314,0,0.0
A0A2N7VNY1,False,315,0,0.0
A0A239HPG6,False,313,0,1.0
A0A1H2LUK2,False,316,0,0.0
A0A0R1IXA2,False,317,0,0.0
A0A919ZEF1,False,318,0,1.0
K2HEI4,False,319,0,0.0
A0A8H4H5M6,False,320,0,0.0
B6QM36,False,321,0,0.0
A0A0D2DXT1,False,322,0,0.0
H6C512,False,323,0,0.0
G8ZVV0,False,324,0,0.0
A0A6A4WUM0,False,325,0,0.0
A0A067N7V8,False,319,0,0.0
A0A7L3KY87,False,326,0,0.0
A0A0R0ARU5,False,327,0,0.0
A0A672NJR3,False,328,0,0.0
A0A6J3R0Z6,False,329,0,0.0
A0A7L3AMA1,False,330,0,0.0
A0A851FVE7,False,331,0,0.0
A0A671EQQ4,False,332,0,0.0
A0A7L4JVY8,False,333,0,0.0
A0A7K8BH04,False,334,0,0.0
A0A671R7F5,False,335,0,0.0
A0A1S3RWR5,False,336,0,0.0
A0A075IE34,False,337,0,0.0
Q6E6Y4,False,338,0,0.0
A0A5P9KE66,False,339,0,0.0
Q9QCE7,False,340,0,0.0
Q66129,False,341,0,0.0
A0A1L3KFW5,False,342,0,0.0
A0A0D4D8J8,False,343,0,0.0
A0A890CSA7,False,344,0,0.0
F2Y3N4,False,345,0,0.0
A0A3N2DQ15,False,346,0,0.0
Q6GPW9,False,347,0,0.0
A0A0B8NDE8,False,348,0,0.0
A0A7K8PT51,False,349,0,0.0
A0A7K4S449,False,350,0,0.0
I1RCA0,False,351,0,0.0
A0A319C8L9,False,352,0,0.0
A0A7L0UTH8,False,353,0,0.0
A0A667WZR8,False,354,0,0.0
A0A1M4W361,False,355,0,0.0
Q7NCS6,False,356,0,0.0
G6YHU3,False,357,0,0.0
V9WD55,False,358,0,0.0
A0A318XM76,False,359,0,0.0
A0A2K9NPJ9,False,360,0,0.0
A0A931MWR5,False,361,0,0.0
A0A443INV7,False,362,0,0.0
A0A5Q2WAW2,False,363,0,0.0
A0A1V4B3F3,False,364,0,0.0
A0A917RVY0,False,365,0,0.0
A0A1G8N453,False,366,0,0.0
A0A1W6WF22,False,367,0,0.0
N9WBW1,False,367,0,1.0
A0A6A8DCJ8,False,368,0,0.0
Q03AX9,False,369,0,0.0
U2CP23,False,370,0,0.0
A0A3D8TTJ8,False,371,0,0.0
A0A2T0ATY9,False,372,0,0.0
I2F2T2,False,373,0,0.0
I3M5Y6,False,374,0,0.0
A0A6P8S5M9,False,375,0,0.0
A0A8C8A4A9,False,376,0,0.0
A0A9B0TR34,False,377,0,0.0
A0A8J7P8P2,False,378,0,0.0
A0A8C6R9H2,False,379,0,0.0
A0A834NKP9,False,380,0,0.0
A0A8C3CDF4,False,381,0,0.0
U4UQB1,False,382,0,0.0
A0A6I9M5G1,False,383,0,0.0
A0A0C1YP15,False,384,0,0.0
A0A5C4VXW0,False,385,0,0.0
A0A1E7JIP1,False,386,0,0.0
A0A542QLJ1,False,387,0,0.0
A0A2W2KXI4,False,388,0,0.0
A0A561BRQ8,False,389,0,0.0
A0A429G2Z3,False,390,0,0.0
A0A1V9A5Y5,False,391,0,0.0
A0A410UGK4,False,392,0,0.0
A0A7V8GP74,False,393,0,0.0
A0A2S9K5C7,False,394,0,0.0
A0A843TB90,False,395,0,0.0
A0A2H6B149,False,396,0,0.0
A0A972NHA7,False,397,0,0.0
A0A432VZF9,False,398,0,0.0
C7HWE4,False,399,0,0.0
A0A2C5YDJ5,False,400,0,0.0
A0A7C9TNE9,False,401,0,0.0
A0A812W5X7,False,402,0,0.0
A0A7K6NTV5,False,403,0,0.0
A0A5N0V0P4,False,404,0,0.0
A0A1G6IYL5,False,405,0,0.0
A0A401UC47,False,406,0,0.0
A0A3S4TPK9,False,407,0,0.0
A0A927HE94,False,408,0,0.0
A0A1H7WE90,False,409,0,0.0
A0A372G539,False,410,0,0.0
A0A7I8W1T6,False,411,0,0.0
A0A1T5IGM8,False,412,0,0.0
B1Y521,False,413,0,0.0
N6YGD1,False,414,0,0.0
A0A1Q4VQ86,False,415,0,0.0
Q12D24,False,416,0,0.0
A0A1T4VZW7,False,417,0,0.0
A0A3S0VDQ8,False,418,0,0.0
A0A918NTN9,False,419,0,0.0
A0A1Q5MW16,False,420,0,0.0
A0A1R1IBZ5,False,421,0,0.0
A0A101QN44,False,419,0,0.0
B4CUQ3,False,422,0,0.0
A0A556MHD5,False,423,0,0.0
A0A8J3N0M1,False,424,0,0.0
M5U0H7,False,425,0,0.0
A0A7S7NX22,False,426,0,0.0
A0A2A4B594,False,427,0,0.0
A0A5B9QGG2,False,428,0,0.0
A0A1K2IHF2,False,429,0,0.0
A0A2Z3H7T8,False,430,0,0.0
L0G3F0,False,431,0,0.0
A0A8D0GNL7,False,432,0,0.0
A0A286XEX5,False,433,0,0.0
A0A0S4JC93,False,434,0,0.0
A0A1X2GH09,False,432,0,0.0
A0A2K6DIW6,False,435,0,0.0
L0PCG4,False,436,0,0.0
A0A6J0KY21,False,432,0,0.0
A0A1B8CR84,False,437,0,0.0
A0A7L2IS31,False,438,0,0.0
A0A6P5T4P7,False,432,0,0.0
A0A4W5PLD5,False,439,0,0.0
A0A8H7VUZ0,False,440,0,0.0
F7BC17,False,441,0,0.0
A0A7F8RKT1,False,442,0,0.0
A0A8C3WUP6,False,441,0,0.0
H2P9W4,False,441,0,0.0
A0A2R8ZWS6,False,443,0,0.0
A0A7K6JT03,False,444,0,0.0
A0A6M4B989,False,445,0,0.0
A0A7J7Q1N5,False,446,0,0.0
G8ZQ50,False,447,0,0.0
S8BWG3,False,448,0,0.0
R7YP62,False,449,0,0.0
A0A1Q2YBR2,False,450,0,0.0
F0XCL2,False,445,0,0.0
E1ZGT6,False,451,0,0.0
A0A7D8Z7V3,False,452,0,0.0
A0A1Y2H114,False,453,0,0.0
A0A1G8S6S5,False,454,0,0.0
A0A0P1LWG8,False,455,0,0.0
A0A7K7TTK1,False,456,0,0.0
A0A8J6G4N9,False,457,0,0.0
A0A074MEN3,False,458,0,0.0
A0A915P4B8,False,459,0,0.0
A0A7K6I679,False,460,0,0.0
A0A1T1ARA8,False,461,0,0.0
A0A1D9P9H7,False,462,0,0.0
A0A0E4FYZ1,False,463,0,0.0
A0A1V2DX54,False,464,0,0.0
A0A0A7EEZ8,False,465,0,0.0
W9AJW2,False,466,0,0.0
A0A0B4RB24,False,467,0,0.0
A0A929KGK8,False,468,0,0.0
N8ZMT7,False,469,0,0.0
A0A8J7Y919,False,470,0,0.0
A0A1C0YE80,False,471,0,0.0
J1EJ11,False,472,0,0.0
A0A0C7N3Y9,False,473,0,0.0
A0A8T0QM46,False,474,0,0.0
W2UIL9,False,475,0,0.0
A0A652KXP3,False,476,0,0.0
A0A239JRQ7,False,477,0,0.0
A0A1A3T5Z0,False,478,0,0.0
A0A168Q1L8,False,479,0,0.0
A0A2I2G5X7,False,480,0,0.0
A0A397GMD3,False,481,0,0.0
A0A0A7I6V0,False,482,0,0.0
A0A8J3AAT6,False,483,0,0.0
E1VQW4,False,484,0,0.0
D8PNB2,False,485,0,0.0
A0A146FFA0,False,486,0,0.0
A0A8H6IR44,False,487,0,0.0
A0A011ABX7,False,488,0,0.0
A0A1Y2VGU4,False,489,0,0.0
A0A917X238,False,490,0,0.0
A0A1B6ZEX9,False,491,0,0.0
A0A5S4GS05,False,492,0,0.0
A0A7K5EDT4,False,493,0,0.0
A0A9D4AQF5,False,494,0,0.0
A0A7K5CUU9,False,495,0,0.0
A0A340XAJ7,False,496,0,0.0
A0A6P3EWK7,False,497,0,0.0
A0A7K8XDJ1,False,498,0,0.0
A0A091PV20,False,499,0,0.0
A0A671NB82,False,500,0,0.0
A0A7K5IXC4,False,501,0,0.0
F7EUI9,False,502,0,0.0
A0A1I3J3F3,False,503,0,0.0
A0A839IMD2,False,504,0,0.0
D7DJ24,False,505,0,0.0
A0A8J4DKT6,False,506,0,0.0
R9KSU0,False,507,0,0.0
A0A7Z2ZR13,False,508,0,0.0
A0A0M3QGI6,False,509,0,0.0
A0A0K6IYM6,False,510,0,0.0
A0A843B4X1,False,511,0,0.0
A0A0L6JH37,False,512,0,0.0
A0A3N6EHM8,False,513,0,0.0
A0A6M0HQB3,False,514,0,0.0
A0A1H1KFM4,False,515,0,0.0
D7DS38,False,516,0,0.0
A0A1G7G9Z6,False,517,0,0.0
A0A1W2EER1,False,518,0,0.0
A0A5B0BHK8,False,519,0,0.0
A0A944J860,False,520,0,0.0
A0A652KRK1,False,520,0,0.0
B8GDK9,False,521,0,0.0
A0A1M5QTV6,False,523,0,1.0
A0A542ANL5,False,524,0,1.0
F0YZA5,False,525,0,0.0
A0A1I0YKN0,False,522,0,1.0
G8UI85,False,526,0,0.0
A0A1H0W0N1,False,527,0,1.0
A0A3G9GTB5,False,528,0,0.0
A0A841KYA3,False,527,0,1.0
A0A562J5B2,False,525,0,1.0
A0A927GUD0,False,529,0,0.0
A0A3D9STC7,False,530,0,0.0
A0A250IJ71,False,531,0,0.0
A0A561E8I6,False,532,0,0.0
A0A1B9F1Q3,False,533,0,0.0
A0A1J7BC88,False,534,0,0.0
A0A0N1NJ52,False,535,0,0.0
A0A1I7JA08,False,536,0,0.0
A0A3N2QRV6,False,537,0,0.0
A0A3Q1FNW2,False,538,0,0.0
A0A7E6F9R5,False,539,0,0.0
A0A6J0ILX5,False,540,0,0.0
A0A2K5I549,False,541,0,0.0
A0A6P7Z0J6,False,542,0,0.0
A0A8C3KQT7,False,543,0,0.0
A0A7L1U9A7,False,544,0,0.0
A0A8B9SE65,False,545,0,0.0
A0A7M4FH28,False,546,0,0.0
C4ZIW2,False,547,0,0.0
A0A346QZW6,False,548,0,0.0
M2U8E7,False,549,0,0.0
A0A376CNH1,False,550,0,0.0
A0A223D5N0,False,551,0,0.0
N6X5P4,False,552,0,0.0
C5WCF5,False,553,0,0.0
A0A4Q1ZUL4,False,554,0,0.0
A0A0D6SZE5,False,555,0,1.0
A0A2T5HB11,False,555,0,1.0
A0A850VT56,False,556,0,0.0
A0A852N5G0,False,557,0,0.0
A0A7L1P744,False,558,0,0.0
A0A3Q0D633,False,559,0,0.0
A0A8C6TTB3,False,560,0,0.0
A0A8C3SS82,False,561,0,0.0
A0A2I0SLX7,False,562,0,0.0
A0A6P6MF24,False,563,0,0.0
A0A8C6CSL2,False,564,0,0.0
A0A7K9TH07,False,565,0,0.0
A0A673VCJ3,False,566,0,0.0
A0A667Z173,False,567,0,0.0
A0A4W5LZK7,False,568,0,0.0
A0A5F8HCB4,False,569,0,0.0
A0A8C4PM64,False,570,0,0.0
A0A7N4NQ86,False,571,0,0.0
G1NE63,False,572,0,0.0
A0A8D0A2V9,False,573,0,0.0
A0A1H4JU14,False,574,0,0.0
A0A916SPC2,False,575,0,0.0
A0A367R7L0,False,576,0,0.0
A0A951PUJ7,False,577,0,1.0
A0A0P9EL63,False,578,0,0.0
Q8V9Q3,False,579,0,0.0
A0A5P8WK33,False,580,0,0.0
K9W712,False,581,0,0.0
A0A2D0HL46,False,577,0,1.0
H0Z810,False,582,0,0.0
A0A093BQF1,False,583,0,0.0
A0A7J8D1Z5,False,584,0,0.0
A0A852DJZ0,False,585,0,0.0
A0A6P3Q2S0,False,584,0,0.0
L7N1W0,False,584,0,0.0
A0A2K6GGK8,False,584,0,0.0
A0A8B6ZIV4,False,584,0,0.0
A0A8J4NA58,False,586,0,0.0
A0A8C9N4I3,False,582,0,0.0
A0A069DS26,False,587,0,0.0
A0A6M0Q799,False,588,0,0.0
A0A1G5S0C0,False,589,0,0.0
G4T2S9,False,590,0,0.0
A0A0C2VRK9,False,591,0,0.0
A0A2W1NC44,False,592,0,0.0
Q1K4C3,False,593,0,0.0
A0A3R9ZWI3,False,594,0,0.0
A0A2W4F0H9,False,595,0,0.0
A0A1E8EXN4,False,596,0,0.0
A0A2K8XGL2,False,597,0,0.0
A0A1M6I0E6,False,598,0,0.0
A0A372DSL1,False,599,0,0.0
A0A654E2F6,False,600,0,0.0
A0A8U0M5S4,False,601,0,0.0
A0A0F5JR93,False,602,0,0.0
A0A7U3ZR44,False,603,0,0.0
G8XAM8,False,604,0,0.0
R5B473,False,605,0,0.0
A0A7Y0PCH5,False,606,0,0.0
A0A075LRI4,False,607,0,0.0
A0A263D1B7,False,608,0,0.0
A0A2N3HH91,False,609,0,0.0
A0A4R6ICG1,False,610,0,0.0
B1FVI2,False,611,0,0.0
A0A1Q4VKN6,False,612,0,0.0
C1DVJ9,False,613,0,0.0
A0A942YTZ6,False,609,0,0.0
B2VFC5,False,614,0,0.0
A0A8S0GRC6,False,615,0,0.0
A1SL23,False,616,0,0.0
E6U1T8,False,617,0,0.0
A0A6G0Y4D4,False,618,0,0.0
A0A975F8B8,False,619,0,0.0
A0A1Q4YJ67,False,620,0,0.0
K9Z365,False,621,0,0.0
W1RWV5,False,622,0,0.0
A0A1V1ZKH2,False,623,0,0.0
A0A1H9PTF8,False,624,0,0.0
A0A813E742,False,625,0,0.0
A0A3P8SJS2,False,626,0,0.0
A0A672NRW8,False,627,0,0.0
A0A850X8L5,False,628,0,0.0
A0A8B6D727,False,629,0,0.0
A0A7K7ERN6,False,630,0,0.0
A0A5P1ELM7,False,631,0,0.0
A0A8J4P1T3,False,632,0,0.0
A0A811YX94,False,633,0,0.0
A0A1Z5J851,False,634,0,0.0
A0A5P1R9Q0,False,635,0,0.0
W4QBN0,False,636,0,0.0
A0A0Q3I538,False,637,0,0.0
K1WW63,False,638,0,0.0
L0KBY3,False,639,0,0.0
T2KMV7,False,640,0,0.0
A0A101JYW8,False,641,0,0.0
A0A814PE54,False,642,0,0.0
A0A810QAB2,False,643,0,0.0
A0A813FNK2,False,644,0,0.0
A0A0F4LQB2,False,645,0,0.0
A0A671P4D9,False,646,0,0.0
A0A2N0Z473,False,647,0,0.0
A0A563CP44,False,648,0,0.0
A0A1G4SCC0,False,649,0,0.0
A0A1Q4VBS0,False,650,0,0.0
A0A7J6URP9,False,651,0,0.0
G7J2L0,False,652,0,0.0
A0A7W2IDX8,False,653,0,0.0
A0A2P4ZR24,False,654,0,0.0
A0A183IT61,False,655,0,0.0
A0A8B7TI69,False,656,0,0.0
A0A8C2WJP7,False,657,0,0.0
A0A550CIS8,False,658,0,0.0
A0A8H4M7C6,False,659,0,0.0
A0A667WPM7,False,660,0,0.0
A0A0D3DJ83,False,661,0,0.0
A0A2T9ZJX6,False,662,0,0.0
A0A7K5H0Q9,False,663,0,0.0
A0A8H5P6H8,False,664,0,0.0
A0A1Y1YH98,False,665,0,0.0
D8FY78,False,666,0,0.0
A0A5E3XC51,False,667,0,0.0
A0A089XJZ9,False,668,0,0.0
A0A1B1Q4I5,False,669,0,0.0
A0A3S8UBM9,False,670,0,0.0
A0A6L8UWL3,False,671,0,0.0
A0A0X9WAH4,False,671,0,0.0
A0A3N6XXG4,False,672,0,0.0
A0A1Q2HZ08,False,673,0,0.0
A0A0F6TCJ3,False,674,0,0.0
A0A3M8K9Q6,False,675,0,0.0
Q6NFA0,False,676,0,0.0
A0A6B8W8P2,False,677,0,0.0
A0A2N6T6T4,False,678,0,0.0
A0A3G6J3W1,False,679,0,0.0
A0A1G9P3I7,False,680,0,0.0
A0A939E3T5,False,681,0,0.0
A0A4P7QI82,False,682,0,0.0
A0A4Q4U6Z4,False,683,0,0.0
A0A6J3D172,False,684,0,0.0
A0A5N4EEH0,False,685,0,0.0
A0A093R0Q4,False,686,0,0.0
A0A2H5RAX4,False,687,0,0.0
A0A852LBI3,False,688,0,0.0
A0A091MKC4,False,686,0,0.0
A0A7L0CUB3,False,684,0,0.0
A0A0F4ZKW1,False,689,0,0.0
A0A7K6EP58,False,684,0,0.0
M3AKJ5,False,690,0,0.0
C5FLN7,False,691,0,0.0
K7GEB9,False,692,0,0.0
U7PWA9,False,693,0,0.0
A0A1B9H421,False,694,0,0.0
Q2HBQ7,False,695,0,0.0
A0A080WQD1,False,696,0,0.0
A0A2A9N829,False,697,0,0.0
A0A7L1IRR6,False,698,0,0.0
A0A3Q1MBB4,False,699,0,0.0
A0A1I7IF74,False,700,0,0.0
A0A514BU60,False,701,0,0.0
A0A4S4AVI9,False,702,0,0.0
A0A556PXI6,False,703,0,0.0
A0A291GEA7,False,704,0,0.0
A0A558NJ27,False,705,0,0.0
I3YDU5,False,706,0,0.0
A0A7V8TRQ5,False,707,0,0.0
A0A7X4GL21,False,708,0,0.0
A0A068YUT1,False,709,0,0.0
A0A348B2J8,False,710,0,0.0
A0A8D5U385,False,711,0,0.0
A0A2U9IDL0,False,711,0,0.0
A0A2U9IKP0,False,711,0,0.0
W7KW00,False,712,0,0.0
A0A031LMW4,False,711,0,0.0
A0A650CLK8,False,713,0,0.0
A0A2U9IBK5,False,711,0,0.0
W7KXD2,False,711,0,0.0
I0IPW2,False,714,0,0.0
A0A0D5NM43,False,715,0,0.0
A0A368W8V3,False,716,0,0.0
A0A073CMV2,False,717,0,0.0
D7UZ87,False,718,0,0.0
A0A1I4QPF2,False,719,0,0.0
A0A1H9KTC4,False,720,0,0.0
A0A1W1X4P4,False,721,0,0.0
A0A1B1Z6C2,False,722,0,0.0
A0A553G239,False,723,0,0.0
A0A119A202,False,724,0,0.0
A0A318UNL1,False,725,0,0.0
A0A316AHZ8,False,726,0,0.0
A0A975FAM9,False,727,0,0.0
A0A916Y2P5,False,728,0,0.0
N1WI00,False,729,0,0.0
A0A6L6GZA3,False,730,0,0.0
A0A3E1NEF1,False,731,0,0.0
M3FBI9,False,732,0,0.0
A0A7H0HKN7,False,733,0,0.0
A0A401UAX0,False,734,0,0.0
A0A1D3TQU4,False,735,0,0.0
A0A4Z0PWQ6,False,736,0,0.0
G0J1K1,False,737,0,0.0
A0A939DHW8,False,738,0,0.0
A0A7L9S8M2,False,739,0,0.0
A0A2U1CK83,False,740,0,0.0
A0A1H9DJU5,False,741,0,0.0
A0A7U3ZNE2,False,742,0,0.0
A0A3N2R1N5,False,743,0,0.0
A0A4P6ETP6,False,744,0,0.0
R2RUC4,False,745,0,0.0
A0A6F8ZI50,False,746,0,0.0
A0A143HAH7,False,747,0,0.0
A0A1H7XEN1,False,748,0,0.0
A0A5C5ULG4,False,749,0,0.0
A0A292YSQ4,False,750,0,0.0
B7K0M5,False,751,0,0.0
A0A127V859,False,752,0,0.0
A0A919X1P8,False,753,0,0.0
A0A8C9DBG7,False,754,0,0.0
A0A7K5X3N1,False,755,0,0.0
A0A7L3SPP3,False,756,0,0.0
A0A7R8CDG1,False,757,0,0.0
A0A8K0ET58,False,758,0,0.0
A0A8C5JL45,False,759,0,0.0
G1TCY0,False,760,0,0.0
A0A8J4YF75,False,761,0,0.0
A0A7K8DH31,False,762,0,0.0
A0A1D1VH49,False,763,0,0.0
A0A7K7UQ20,False,764,0,0.0
A0A9W2WMI6,False,765,0,0.0
X0BCY9,False,766,0,0.0
A0A8V1AEA8,False,767,0,0.0
A0A8J0T3H0,False,768,0,0.0
A0A8C6U9U8,False,769,0,0.0
A0A6A5EAZ8,False,770,0,0.0
A0A7L4BIS6,False,771,0,0.0
A0A7L3D9A1,False,772,0,0.0
A0A7K8J4J1,False,773,0,0.0
A0A7J5YDR1,False,774,0,0.0
A0A7L1GS00,False,775,0,0.0
A0A674H7I9,False,776,0,0.0
G3R0E4,False,777,0,0.0
A0A8J2QY21,False,778,0,0.0
A0A0G4ITQ1,False,779,0,0.0
A0A8U0P535,False,780,0,0.0
A0A8C5C9J9,False,781,0,0.0
A0A7K9K0E0,False,782,0,0.0
A0A8C5CF69,False,783,0,0.0
G5B1G5,False,784,0,0.0
K7FRS5,False,785,0,0.0
A0A5N4CPB0,False,786,0,0.0
A0A8C6I7T8,False,787,0,0.0
G5BIX0,False,788,0,0.0
A0A1S3GR38,False,789,0,0.0
A0A7N4PZX5,False,790,0,0.0
A0A8C3YDR8,False,791,0,0.0
A0A8D2B161,False,792,0,0.0
A0A2Y9GSQ8,False,793,0,0.0
A0A8S9Y7M1,False,794,0,0.0
A0A8J5QSQ4,False,795,0,0.0
A0A834Y264,False,796,0,0.0
A0A833VUQ9,False,797,0,0.0
A0A4S2KA27,False,798,0,0.0
A0A310S6Z6,False,799,0,0.0
F4X3V0,False,800,0,0.0
A0A833RP21,False,801,0,0.0
A0A9J6BC22,False,802,0,0.0
A0A0M9A1V8,False,803,0,0.0
B3MVR1,False,804,0,0.0
A0A139WGM0,False,805,0,0.0
A0A6I8TR65,False,806,0,0.0
A0A6G0X675,False,807,0,0.0
A0A8J2JV04,False,808,0,0.0
A0A6J1S8J3,False,809,0,0.0
A0A8I6SVP5,False,810,0,0.0
A0A834PC56,False,811,0,0.0
B4QI57,False,812,0,0.0
A0A6P8WJZ3,False,813,0,0.0
A0A2G5UZM0,False,814,0,0.0
A0A3P7IUT6,False,815,0,0.0
A0A0B1TD13,False,816,0,0.0
A0A2G5SED5,False,817,0,0.0
A0A2A6B566,False,818,0,0.0
A0A368GEE6,False,819,0,0.0
A0A016W9X6,False,820,0,0.0
A0A2G5UWN5,False,821,0,0.0
A0A2G5T747,False,822,0,0.0
A0A8S1EB29,False,823,0,0.0
A0A016VRJ8,False,824,0,0.0
A0A914WJS8,False,825,0,0.0
A0A1I7S4G8,False,826,0,0.0
A0A8R1HXV0,False,827,0,0.0
A0A6V7TIP9,False,828,0,0.0
A0A238BRV9,False,829,0,0.0
A0A914X3L1,False,830,0,0.0
A0A0D8XXY1,False,831,0,0.0
A0A6V7UD83,False,832,0,0.0
A0A8R1E7H5,False,833,0,0.0
A0A2G5UGB0,False,834,0,0.0
A0A2G5V5K0,False,835,0,0.0
E3M4G3,False,836,0,0.0
E3LWM3,False,837,0,0.0
A0A8R1IEH9,False,838,0,0.0
A0A2G5V594,False,839,0,0.0
E3MB59,False,840,0,0.0
E3M4G4,False,841,0,0.0
A0A8R1TWT4,False,842,0,0.0
A0A2A6CQR0,False,843,0,0.0
A0A914QK61,False,844,0,0.0
A0A016UFQ4,False,845,0,0.0
A0A0K0DLR9,False,846,0,0.0
E3LL09,False,847,0,0.0
A0A811L8K2,False,848,0,0.0
Q965T8,False,849,0,0.0
A0A2G5TBI6,False,850,0,0.0
A0A7E4VKY7,False,851,0,0.0
A0A2A2J5E2,False,852,0,0.0
A8X7I6,False,853,0,0.0
A0A6V7WG00,False,854,0,0.0
A0A2A6C487,False,855,0,0.0
A0A368FG16,False,856,0,0.0
A0A0B1RWY9,False,857,0,0.0
A0A914NT61,False,858,0,0.0
A0A915CPT1,False,859,0,0.0
E3MJL4,False,860,0,0.0
A0A8R1HNA6,False,861,0,0.0
E3LL60,False,862,0,0.0
A0A914TA82,False,863,0,0.0
A8X1X3,False,864,0,0.0
A0A8S1F0L3,False,865,0,0.0
A0A8R1YGH7,False,866,0,0.0
Q966I4,False,867,0,0.0
O16909,False,868,0,0.0
A0A261BLH8,False,869,0,0.0
A0A2A2LJT1,False,870,0,0.0
A8WTB9,False,871,0,0.0
O45416,False,872,0,0.0
A0A2A6C235,False,873,0,0.0
A8XVV0,False,874,0,0.0
Q965L7,False,875,0,0.0
A0A2A6CM05,False,876,0,0.0
A0A2A6CC81,False,877,0,0.0
A0A914YH69,False,878,0,0.0
A0A2G5TQ85,False,879,0,0.0
E3LLV7,False,880,0,0.0
E3LTQ1,False,881,0,0.0
